,children,childrentxt,cover_id,fantasy,fantasytxt,medicine,medicinetxt,music,musictxt,mystery and detective stories,mystery and detective storiestxt,religion,religiontxt,romance,romancetxt,science,science fiction,science fictiontxt,sciencetxt,title,words,title_len,file
0,1.0,children,575546.0,1.0,fantasy,0.0,0,0.0,0,0.0,0,0.0,0,0.0,0,0.0,0.0,0,0,alice s adventures in wonderland,"['alice', 'adventure', 'wonderland']",3,575546.jpg
1,1.0,children,1981419.0,0.0,0,0.0,0,0.0,0,0.0,0,0.0,0,0.0,0,0.0,0.0,0,0,the personal history of david copperfield,"['personal', 'history', 'david', 'copperfield']",4,1981419.jpg
2,1.0,children,1321813.0,0.0,0,0.0,0,0.0,0,0.0,0,0.0,0,0.0,0,0.0,0.0,0,0,wizard of oz,"['wizard', 'oz']",2,1321813.jpg
3,1.0,children,2964863.0,0.0,0,0.0,0,0.0,0,0.0,0,0.0,0,0.0,0,0.0,0.0,0,0,the turn of the screw,"['turn', 'screw']",2,2964863.jpg
4,1.0,children,311182.0,0.0,0,0.0,0,0.0,0,0.0,0,0.0,0,0.0,0,0.0,0.0,0,0,a child s garden of verses,"['child', 'garden', 'verse']",3,311182.jpg
5,1.0,children,103374.0,0.0,0,0.0,0,0.0,0,0.0,0,0.0,0,0.0,0,0.0,0.0,0,0,jude the obscure,"['jude', 'obscure']",2,103374.jpg
6,1.0,children,5847693.0,0.0,0,0.0,0,0.0,0,0.0,0,0.0,0,0.0,0,0.0,0.0,0,0,story of little black sambo,"['story', 'little', 'black', 'sambo']",4,5847693.jpg
7,1.0,children,101923.0,0.0,0,0.0,0,0.0,0,0.0,0,0.0,0,0.0,0,0.0,0.0,0,0,what katy did,['katy'],1,101923.jpg
8,1.0,children,6979869.0,0.0,0,0.0,0,0.0,0,0.0,0,0.0,0,0.0,0,0.0,1.0,science fiction,0,the illustrated man,"['illustrated', 'man']",2,6979869.jpg
9,1.0,children,428927.0,0.0,0,0.0,0,0.0,0,0.0,0,0.0,0,0.0,0,0.0,0.0,0,0,angela s ashes,"['angela', 'ash']",2,428927.jpg
10,1.0,children,13671.0,1.0,fantasy,0.0,0,0.0,0,0.0,0,0.0,0,0.0,0,0.0,0.0,0,0,the chronicles of narnia,"['chronicle', 'narnia']",2,13671.jpg
13,1.0,children,384916.0,1.0,fantasy,0.0,0,0.0,0,0.0,0,0.0,0,0.0,0,0.0,0.0,0,0,northern lights,"['northern', 'light']",2,384916.jpg
17,1.0,children,4724701.0,0.0,0,0.0,0,0.0,0,0.0,0,0.0,0,0.0,0,0.0,0.0,0,0,the gift,['gift'],1,4724701.jpg
18,1.0,children,638080.0,0.0,0,0.0,0,0.0,0,0.0,0,0.0,0,0.0,0,0.0,0.0,0,0,precious moments,"['precious', 'moment']",2,638080.jpg
19,1.0,children,402163.0,0.0,0,0.0,0,0.0,0,0.0,0,0.0,0,0.0,0,0.0,0.0,0,0,the girl in the picture,"['girl', 'picture']",2,402163.jpg
20,1.0,children,976742.0,0.0,0,0.0,0,0.0,0,0.0,0,0.0,0,0.0,0,0.0,0.0,0,0,un sac de billes,"['un', 'sac', 'de', 'billes']",4,976742.jpg
21,1.0,children,238160.0,0.0,0,0.0,0,0.0,0,0.0,0,0.0,0,0.0,0,0.0,0.0,0,0,the door in the wall,"['door', 'wall']",2,238160.jpg
23,1.0,children,235422.0,0.0,0,0.0,0,0.0,0,0.0,0,0.0,0,0.0,0,0.0,0.0,0,0,gone baby gone,"['gone', 'baby', 'gone']",3,235422.jpg
24,1.0,children,684929.0,0.0,0,0.0,0,0.0,0,0.0,0,0.0,0,0.0,0,0.0,0.0,0,0,a prairie boy s summer,"['prairie', 'boy', 'summer']",3,684929.jpg
25,1.0,children,4145090.0,0.0,0,0.0,0,0.0,0,0.0,0,0.0,0,0.0,0,0.0,0.0,0,0,best books for children,"['best', 'book', 'child']",3,4145090.jpg
26,1.0,children,4190448.0,0.0,0,0.0,0,0.0,0,0.0,0,0.0,0,0.0,0,0.0,0.0,0,0,your child at play,"['child', 'play']",2,4190448.jpg
27,1.0,children,524352.0,0.0,0,0.0,0,0.0,0,0.0,0,0.0,0,0.0,0,0.0,0.0,0,0,what dreams may come,"['dream', 'may', 'come']",3,524352.jpg
28,1.0,children,385808.0,0.0,0,0.0,0,0.0,0,0.0,0,0.0,0,0.0,0,0.0,0.0,0,0,no david ,['david'],1,385808.jpg
29,1.0,children,785892.0,0.0,0,0.0,0,0.0,0,0.0,0,0.0,0,0.0,0,0.0,0.0,0,0,down in the garden,['garden'],1,785892.jpg
31,1.0,children,258583.0,0.0,0,0.0,0,0.0,0,0.0,0,0.0,0,0.0,0,0.0,0.0,0,0,judas child,"['juda', 'child']",2,258583.jpg
32,1.0,children,274646.0,0.0,0,0.0,0,0.0,0,0.0,0,0.0,0,0.0,0,0.0,0.0,0,0,babies need books,"['baby', 'need', 'book']",3,274646.jpg
33,1.0,children,6725695.0,0.0,0,0.0,0,0.0,0,0.0,0,0.0,0,0.0,0,0.0,0.0,0,0,where serpents lie,"['serpent', 'lie']",2,6725695.jpg
34,1.0,children,714385.0,0.0,0,0.0,0,0.0,0,0.0,0,0.0,0,0.0,0,0.0,0.0,0,0,parenting for prevention,"['parenting', 'prevention']",2,714385.jpg
35,1.0,children,3860907.0,0.0,0,0.0,0,0.0,0,0.0,0,0.0,0,0.0,0,0.0,0.0,0,0,an irish country childhood,"['irish', 'country', 'childhood']",3,3860907.jpg
36,1.0,children,579633.0,0.0,0,0.0,0,0.0,0,0.0,0,0.0,0,0.0,0,0.0,0.0,0,0,the boys,['boy'],1,579633.jpg
37,1.0,children,3968179.0,0.0,0,0.0,0,0.0,0,0.0,0,0.0,0,0.0,0,0.0,0.0,0,0,pediatric diagnosis,"['pediatric', 'diagnosis']",2,3968179.jpg
38,1.0,children,6625268.0,0.0,0,0.0,0,0.0,0,0.0,0,0.0,0,0.0,0,0.0,0.0,0,0,house of tomorrow,"['house', 'tomorrow']",2,6625268.jpg
39,1.0,children,3993102.0,0.0,0,0.0,0,0.0,0,0.0,0,0.0,0,0.0,0,0.0,0.0,0,0,the visions of the children,"['vision', 'child']",2,3993102.jpg
40,1.0,children,1104019.0,0.0,0,0.0,0,0.0,0,0.0,0,0.0,0,0.0,0,0.0,0.0,0,0,language and learning,"['language', 'learning']",2,1104019.jpg
41,1.0,children,4197575.0,0.0,0,0.0,0,0.0,0,0.0,0,0.0,0,0.0,0,0.0,0.0,0,0,a world made of fire,"['world', 'made', 'fire']",3,4197575.jpg
44,1.0,children,5405230.0,0.0,0,0.0,0,0.0,0,0.0,0,0.0,0,0.0,0,0.0,0.0,0,0,pediatric nutrition handbook,"['pediatric', 'nutrition', 'handbook']",3,5405230.jpg
45,0.0,0,1983318.0,1.0,fantasy,0.0,0,0.0,0,0.0,0,0.0,0,0.0,0,0.0,0.0,0,0,gulliver s travels,"['gulliver', 'travel']",2,1983318.jpg
46,0.0,0,2540341.0,1.0,fantasy,0.0,0,0.0,0,0.0,0,0.0,0,0.0,0,0.0,0.0,0,0,midsummer night s dream,"['midsummer', 'night', 'dream']",3,2540341.jpg
47,0.0,0,549855.0,1.0,fantasy,0.0,0,0.0,0,0.0,0,0.0,0,0.0,0,0.0,0.0,0,0,el hobbit,"['el', 'hobbit']",2,549855.jpg
48,0.0,0,8143765.0,1.0,fantasy,0.0,0,0.0,0,0.0,0,0.0,0,0.0,0,0.0,0.0,0,0,the return of the king,"['return', 'king']",2,8143765.jpg
49,0.0,0,115508.0,1.0,fantasy,0.0,0,0.0,0,0.0,0,0.0,0,0.0,0,0.0,0.0,0,0,petit prince,"['petit', 'prince']",2,115508.jpg
50,0.0,0,906260.0,1.0,fantasy,0.0,0,0.0,0,0.0,0,0.0,0,0.0,0,0.0,0.0,0,0,harry potter and the sorcerer s stone,"['harry', 'potter', 'sorcerer', 'stone']",4,906260.jpg
51,0.0,0,2385921.0,1.0,fantasy,0.0,0,0.0,0,0.0,0,0.0,0,0.0,0,0.0,0.0,0,0,master and margarita,"['master', 'margarita']",2,2385921.jpg
52,0.0,0,35312.0,1.0,fantasy,0.0,0,0.0,0,0.0,0,0.0,0,0.0,0,0.0,0.0,0,0,the lion the witch and the wardrobe,"['lion', 'witch', 'wardrobe']",3,35312.jpg
53,0.0,0,7886986.0,1.0,fantasy,0.0,0,0.0,0,0.0,0,0.0,0,0.0,0,0.0,0.0,0,0,charlie and the chocolate factory,"['charlie', 'chocolate', 'factory']",3,7886986.jpg
54,0.0,0,23805.0,1.0,fantasy,0.0,0,0.0,0,0.0,0,0.0,0,0.0,0,0.0,0.0,0,0,prince caspian,"['prince', 'caspian']",2,23805.jpg
55,0.0,0,8132873.0,1.0,fantasy,0.0,0,0.0,0,0.0,0,0.0,0,0.0,0,0.0,1.0,science fiction,0,a game of thrones,"['game', 'throne']",2,8132873.jpg
56,0.0,0,35269.0,1.0,fantasy,0.0,0,0.0,0,0.0,0,0.0,0,0.0,0,0.0,0.0,0,0,the magician s nephew,"['magician', 'nephew']",2,35269.jpg
57,0.0,0,50841.0,1.0,fantasy,0.0,0,0.0,0,0.0,0,0.0,0,0.0,0,0.0,0.0,0,0,where the wild things are,"['wild', 'thing']",2,50841.jpg
58,0.0,0,2341290.0,1.0,fantasy,0.0,0,0.0,0,0.0,0,0.0,0,0.0,0,0.0,0.0,0,0,the two towers,"['two', 'tower']",2,2341290.jpg
59,0.0,0,2182214.0,1.0,fantasy,0.0,0,0.0,0,0.0,0,0.0,0,0.0,0,0.0,0.0,0,0,a rebours,['rebours'],1,2182214.jpg
60,0.0,0,1726773.0,1.0,fantasy,0.0,0,0.0,0,0.0,0,0.0,0,0.0,0,0.0,1.0,science fiction,0,a princess of mars,"['princess', 'mar']",2,1726773.jpg
61,0.0,0,3702053.0,1.0,fantasy,0.0,0,0.0,0,0.0,0,0.0,0,0.0,0,0.0,0.0,0,0,the last battle,"['last', 'battle']",2,3702053.jpg
62,0.0,0,115553.0,1.0,fantasy,0.0,0,0.0,0,0.0,0,0.0,0,0.0,0,0.0,0.0,0,0,le petit prince,"['le', 'petit', 'prince']",3,115553.jpg
63,0.0,0,309995.0,1.0,fantasy,0.0,0,0.0,0,0.0,0,0.0,0,0.0,0,0.0,0.0,0,0,ozma of oz,"['ozma', 'oz']",2,309995.jpg
64,0.0,0,765585.0,1.0,fantasy,0.0,0,0.0,0,0.0,0,0.0,0,0.0,0,0.0,0.0,0,0,the road to oz,"['road', 'oz']",2,765585.jpg
65,0.0,0,207262.0,1.0,fantasy,0.0,0,0.0,0,0.0,0,0.0,0,0.0,0,0.0,0.0,0,0,tik tok of oz,"['tik', 'tok', 'oz']",3,207262.jpg
66,0.0,0,5306364.0,1.0,fantasy,0.0,0,0.0,0,0.0,0,0.0,0,0.0,0,0.0,0.0,0,0,the fellowship of the ring,"['fellowship', 'ring']",2,5306364.jpg
67,0.0,0,2341302.0,1.0,fantasy,0.0,0,0.0,0,0.0,0,0.0,0,0.0,0,0.0,0.0,0,0,the silmarillion,['silmarillion'],1,2341302.jpg
68,0.0,0,758814.0,1.0,fantasy,0.0,0,0.0,0,0.0,0,0.0,0,0.0,0,0.0,0.0,0,0,glinda of oz,"['glinda', 'oz']",2,758814.jpg
69,0.0,0,5071176.0,1.0,fantasy,0.0,0,0.0,0,0.0,0,0.0,0,0.0,0,0.0,0.0,0,0,the magic of oz,"['magic', 'oz']",2,5071176.jpg
70,0.0,0,5927207.0,1.0,fantasy,0.0,0,0.0,0,0.0,0,0.0,0,0.0,0,0.0,0.0,0,0,dorothy and the wizard in oz,"['dorothy', 'wizard', 'oz']",3,5927207.jpg
71,0.0,0,5665335.0,1.0,fantasy,0.0,0,0.0,0,0.0,0,0.0,0,0.0,0,0.0,0.0,0,0,the borrowers,['borrower'],1,5665335.jpg
72,0.0,0,7162086.0,1.0,fantasy,0.0,0,0.0,0,0.0,0,0.0,0,0.0,0,0.0,0.0,0,0,the voyages of doctor dolittle,"['voyage', 'doctor', 'dolittle']",3,7162086.jpg
73,0.0,0,765814.0,1.0,fantasy,0.0,0,0.0,0,0.0,0,0.0,0,0.0,0,0.0,0.0,0,0,rinkitink in oz,"['rinkitink', 'oz']",2,765814.jpg
74,0.0,0,458737.0,1.0,fantasy,0.0,0,0.0,0,0.0,0,0.0,0,0.0,0,0.0,0.0,0,0,the witch of prague,"['witch', 'prague']",2,458737.jpg
75,0.0,0,6995623.0,1.0,fantasy,0.0,0,0.0,0,0.0,0,0.0,0,0.0,0,0.0,0.0,0,0,the sword of shannara,"['sword', 'shannara']",2,6995623.jpg
76,0.0,0,247.0,1.0,fantasy,0.0,0,0.0,0,0.0,0,0.0,0,0.0,0,0.0,0.0,0,0,the moon of gomrath,"['moon', 'gomrath']",2,247.jpg
77,0.0,0,1473369.0,1.0,fantasy,0.0,0,0.0,0,0.0,0,0.0,0,0.0,0,0.0,0.0,0,0,the patchwork girl of oz,"['patchwork', 'girl', 'oz']",3,1473369.jpg
78,0.0,0,113608.0,1.0,fantasy,0.0,0,0.0,0,0.0,0,0.0,0,0.0,0,0.0,0.0,0,0,the borrowers afloat,"['borrower', 'afloat']",2,113608.jpg
79,0.0,0,45138.0,1.0,fantasy,0.0,0,0.0,0,0.0,0,0.0,0,0.0,0,0.0,1.0,science fiction,0,small gods,"['small', 'god']",2,45138.jpg
80,0.0,0,854819.0,1.0,fantasy,0.0,0,0.0,0,0.0,0,0.0,0,0.0,0,0.0,0.0,0,0,the lost princess of oz,"['lost', 'princess', 'oz']",3,854819.jpg
81,0.0,0,6253333.0,1.0,fantasy,0.0,0,0.0,0,0.0,0,0.0,0,0.0,0,0.0,0.0,0,0,the weirdstone of brisingamen,"['weirdstone', 'brisingamen']",2,6253333.jpg
82,0.0,0,1473556.0,1.0,fantasy,0.0,0,0.0,0,0.0,0,0.0,0,0.0,0,0.0,0.0,0,0,the emerald city of oz,"['emerald', 'city', 'oz']",3,1473556.jpg
83,0.0,0,6659113.0,1.0,fantasy,0.0,0,0.0,0,0.0,0,0.0,0,0.0,0,0.0,1.0,science fiction,0,something wicked this way comes,"['something', 'wicked', 'way', 'come']",4,6659113.jpg
84,0.0,0,366216.0,1.0,fantasy,0.0,0,0.0,0,0.0,0,0.0,0,0.0,0,0.0,0.0,0,0,lords and ladies,"['lord', 'lady']",2,366216.jpg
85,0.0,0,113605.0,1.0,fantasy,0.0,0,0.0,0,0.0,0,0.0,0,0.0,0,0.0,0.0,0,0,the borrowers afield,"['borrower', 'afield']",2,113605.jpg
86,0.0,0,119445.0,0.0,0,1.0,medicine,0.0,0,0.0,0,0.0,0,0.0,0,0.0,0.0,0,0,notre dame de paris,"['notre', 'dame', 'de', 'paris']",4,119445.jpg
87,0.0,0,5520267.0,0.0,0,1.0,medicine,0.0,0,0.0,0,0.0,0,0.0,0,0.0,0.0,0,0,treaties etc,"['treaty', 'etc']",2,5520267.jpg
88,0.0,0,5609108.0,0.0,0,1.0,medicine,0.0,0,0.0,0,0.0,0,0.0,0,0.0,0.0,0,0,anatomy descriptive and surgical,"['anatomy', 'descriptive', 'surgical']",3,5609108.jpg
90,0.0,0,955891.0,0.0,0,1.0,medicine,0.0,0,0.0,0,0.0,0,0.0,0,0.0,0.0,0,0,arrowsmith,['arrowsmith'],1,955891.jpg
91,0.0,0,453042.0,0.0,0,1.0,medicine,0.0,0,0.0,0,0.0,0,0.0,0,0.0,0.0,0,0,journey to the end of the night voyage au bout de la nuit ,"['journey', 'end', 'night', 'voyage', 'au', 'bout', 'de', 'la', 'nuit']",9,453042.jpg
93,0.0,0,719415.0,0.0,0,1.0,medicine,0.0,0,0.0,0,0.0,0,0.0,0,0.0,0.0,0,0,donde no hay doctor,"['donde', 'hay', 'doctor']",3,719415.jpg
94,0.0,0,6511211.0,0.0,0,1.0,medicine,0.0,0,0.0,0,0.0,0,0.0,0,0.0,0.0,0,0,healthwise handbook,"['healthwise', 'handbook']",2,6511211.jpg
95,0.0,0,1074245.0,0.0,0,1.0,medicine,0.0,0,0.0,0,0.0,0,0.0,0,0.0,0.0,0,0,digging up the bones,"['digging', 'bone']",2,1074245.jpg
96,0.0,0,4231727.0,0.0,0,1.0,medicine,0.0,0,0.0,0,0.0,0,0.0,0,0.0,0.0,0,0,chemistry for the health sciences,"['chemistry', 'health', 'science']",3,4231727.jpg
97,0.0,0,4502059.0,0.0,0,1.0,medicine,0.0,0,0.0,0,0.0,0,0.0,0,0.0,0.0,0,0,understanding medical terminology,"['understanding', 'medical', 'terminology']",3,4502059.jpg
98,0.0,0,3940046.0,0.0,0,1.0,medicine,0.0,0,0.0,0,0.0,0,0.0,0,0.0,0.0,0,0,medical terminology,"['medical', 'terminology']",2,3940046.jpg
99,0.0,0,4087333.0,0.0,0,1.0,medicine,0.0,0,0.0,0,0.0,0,0.0,0,0.0,0.0,0,0,the consumer health information source book,"['consumer', 'health', 'information', 'source', 'book']",5,4087333.jpg
100,0.0,0,63301.0,0.0,0,1.0,medicine,0.0,0,0.0,0,0.0,0,0.0,0,0.0,0.0,0,0,numerical methods for engineers,"['numerical', 'method', 'engineer']",3,63301.jpg
101,0.0,0,394677.0,0.0,0,1.0,medicine,0.0,0,0.0,0,0.0,0,0.0,0,0.0,0.0,0,0,health and healing,"['health', 'healing']",2,394677.jpg
102,0.0,0,1061951.0,0.0,0,1.0,medicine,0.0,0,0.0,0,0.0,0,0.0,0,0.0,0.0,0,0,basic medical terminology,"['basic', 'medical', 'terminology']",3,1061951.jpg
103,0.0,0,4470048.0,0.0,0,1.0,medicine,0.0,0,0.0,0,0.0,0,0.0,0,0.0,0.0,0,0,witch doctor s apprentice,"['witch', 'doctor', 'apprentice']",3,4470048.jpg
105,0.0,0,6293925.0,0.0,0,1.0,medicine,0.0,0,0.0,0,0.0,0,0.0,0,0.0,0.0,0,0,medical terminology made easy,"['medical', 'terminology', 'made', 'easy']",4,6293925.jpg
106,0.0,0,4615311.0,0.0,0,1.0,medicine,0.0,0,0.0,0,1.0,religion,0.0,0,0.0,0.0,0,0,native harvests,"['native', 'harvest']",2,4615311.jpg
107,0.0,0,6874320.0,0.0,0,1.0,medicine,0.0,0,0.0,0,0.0,0,0.0,0,0.0,0.0,0,0,the spirit catches you and you fall down,"['spirit', 'catch', 'fall']",3,6874320.jpg
108,0.0,0,1435715.0,0.0,0,1.0,medicine,0.0,0,0.0,0,0.0,0,0.0,0,0.0,0.0,0,0,introduction to the health professions,"['introduction', 'health', 'profession']",3,1435715.jpg
109,0.0,0,4010933.0,0.0,0,1.0,medicine,0.0,0,0.0,0,0.0,0,0.0,0,0.0,0.0,0,0,dictionary of medical acronyms  abbreviations,"['dictionary', 'medical', 'acronym', 'abbreviation']",4,4010933.jpg
110,0.0,0,223471.0,0.0,0,1.0,medicine,0.0,0,0.0,0,0.0,0,0.0,0,0.0,0.0,0,0,the spirit catches you and you fall down,"['spirit', 'catch', 'fall']",3,223471.jpg
111,0.0,0,2091818.0,0.0,0,1.0,medicine,0.0,0,0.0,0,0.0,0,0.0,0,0.0,0.0,0,0,the theft of the spirit,"['theft', 'spirit']",2,2091818.jpg
112,0.0,0,713116.0,0.0,0,1.0,medicine,0.0,0,0.0,0,0.0,0,0.0,0,0.0,0.0,0,0,current medical terminology,"['current', 'medical', 'terminology']",3,713116.jpg
113,0.0,0,4884235.0,0.0,0,1.0,medicine,0.0,0,0.0,0,0.0,0,0.0,0,0.0,0.0,0,0,asceticism and healing in ancient india,"['asceticism', 'healing', 'ancient', 'india']",4,4884235.jpg
114,0.0,0,3758916.0,0.0,0,1.0,medicine,0.0,0,0.0,0,0.0,0,0.0,0,0.0,0.0,0,0,a doctor s life,"['doctor', 'life']",2,3758916.jpg
116,0.0,0,1232014.0,0.0,0,1.0,medicine,0.0,0,0.0,0,0.0,0,0.0,0,0.0,0.0,0,0,medical problems in dentistry,"['medical', 'problem', 'dentistry']",3,1232014.jpg
117,0.0,0,574988.0,0.0,0,1.0,medicine,0.0,0,0.0,0,0.0,0,0.0,0,0.0,0.0,0,0,medical terminology simplified,"['medical', 'terminology', 'simplified']",3,574988.jpg
118,0.0,0,1612107.0,0.0,0,1.0,medicine,0.0,0,0.0,0,0.0,0,0.0,0,0.0,0.0,0,0,notes for the mrcgp,"['note', 'mrcgp']",2,1612107.jpg
120,0.0,0,48303.0,0.0,0,1.0,medicine,0.0,0,0.0,0,0.0,0,0.0,0,0.0,0.0,0,0,the dancing healers,"['dancing', 'healer']",2,48303.jpg
121,0.0,0,3883048.0,0.0,0,1.0,medicine,0.0,0,0.0,0,0.0,0,0.0,0,0.0,0.0,0,0,histoire de la douleur,"['histoire', 'de', 'la', 'douleur']",4,3883048.jpg
122,0.0,0,4713373.0,0.0,0,1.0,medicine,0.0,0,0.0,0,0.0,0,0.0,0,0.0,0.0,0,0,essentials of medical terminology,"['essential', 'medical', 'terminology']",3,4713373.jpg
123,0.0,0,720223.0,0.0,0,1.0,medicine,0.0,0,0.0,0,0.0,0,0.0,0,0.0,0.0,0,0,health care job explosion ,"['health', 'care', 'job', 'explosion']",4,720223.jpg
124,0.0,0,7924132.0,0.0,0,1.0,medicine,0.0,0,0.0,0,0.0,0,0.0,0,0.0,0.0,0,0,out island doctor,"['island', 'doctor']",2,7924132.jpg
125,0.0,0,1358632.0,0.0,0,1.0,medicine,0.0,0,0.0,0,0.0,0,0.0,0,0.0,0.0,0,0,certification review for health unit coordinators,"['certification', 'review', 'health', 'unit', 'coordinator']",5,1358632.jpg
126,0.0,0,1161672.0,0.0,0,1.0,medicine,0.0,0,0.0,0,0.0,0,0.0,0,0.0,0.0,0,0,an introduction to spanish for health care workers,"['introduction', 'spanish', 'health', 'care', 'worker']",5,1161672.jpg
127,0.0,0,5973528.0,0.0,0,0.0,0,1.0,music,0.0,0,0.0,0,0.0,0,0.0,0.0,0,0,the works of aristotle,"['work', 'aristotle']",2,5973528.jpg
128,0.0,0,6021553.0,0.0,0,0.0,0,1.0,music,0.0,0,0.0,0,0.0,0,0.0,0.0,0,0,breviary,['breviary'],1,6021553.jpg
129,0.0,0,453006.0,0.0,0,0.0,0,1.0,music,0.0,0,0.0,0,0.0,0,0.0,0.0,0,0,don giovanni,['giovanni'],1,453006.jpg
130,0.0,0,252542.0,0.0,0,0.0,0,1.0,music,0.0,0,0.0,0,0.0,0,0.0,0.0,0,0,the enjoyment of music,"['enjoyment', 'music']",2,252542.jpg
131,0.0,0,314097.0,0.0,0,0.0,0,1.0,music,0.0,0,0.0,0,0.0,0,0.0,0.0,0,0,ecce homo,"['ecce', 'homo']",2,314097.jpg
132,0.0,0,6822199.0,0.0,0,0.0,0,1.0,music,0.0,0,0.0,0,0.0,0,0.0,0.0,0,0,a creative approach to music fundamentals,"['creative', 'approach', 'music', 'fundamental']",4,6822199.jpg
133,0.0,0,5560598.0,0.0,0,0.0,0,1.0,music,0.0,0,0.0,0,0.0,0,0.0,0.0,0,0,music and poetry,"['music', 'poetry']",2,5560598.jpg
134,0.0,0,1274259.0,0.0,0,0.0,0,1.0,music,0.0,0,0.0,0,0.0,0,0.0,0.0,0,0,a creative approach to music fundamentals,"['creative', 'approach', 'music', 'fundamental']",4,1274259.jpg
135,0.0,0,4423811.0,0.0,0,0.0,0,1.0,music,0.0,0,0.0,0,0.0,0,0.0,0.0,0,0,musical thoughts  afterthoughts,"['musical', 'thought', 'afterthought']",3,4423811.jpg
136,0.0,0,5650814.0,0.0,0,0.0,0,1.0,music,0.0,0,0.0,0,0.0,0,0.0,0.0,0,0,the savoy operas,"['savoy', 'opera']",2,5650814.jpg
137,0.0,0,2636462.0,0.0,0,0.0,0,1.0,music,0.0,0,0.0,0,0.0,0,0.0,0.0,0,0,literary works,"['literary', 'work']",2,2636462.jpg
138,0.0,0,628418.0,0.0,0,0.0,0,1.0,music,0.0,0,0.0,0,0.0,0,0.0,0.0,0,0,tori amos,"['torus', 'amos']",2,628418.jpg
139,0.0,0,4275085.0,0.0,0,0.0,0,1.0,music,0.0,0,0.0,0,0.0,0,0.0,0.0,0,0,something special for me,"['something', 'special']",2,4275085.jpg
140,0.0,0,3845696.0,0.0,0,0.0,0,1.0,music,0.0,0,0.0,0,0.0,0,0.0,0.0,0,0,polaroids from the dead,"['polaroid', 'dead']",2,3845696.jpg
142,0.0,0,1083393.0,0.0,0,0.0,0,1.0,music,0.0,0,0.0,0,0.0,0,0.0,0.0,0,0,america s musical landscape,"['america', 'musical', 'landscape']",3,1083393.jpg
143,0.0,0,247067.0,0.0,0,0.0,0,1.0,music,0.0,0,0.0,0,0.0,0,0.0,0.0,0,0,the classical style,"['classical', 'style']",2,247067.jpg
144,0.0,0,4469043.0,0.0,0,0.0,0,1.0,music,0.0,0,0.0,0,0.0,0,0.0,0.0,0,0,the art of listening,"['art', 'listening']",2,4469043.jpg
145,0.0,0,3878827.0,0.0,0,0.0,0,1.0,music,0.0,0,0.0,0,0.0,0,0.0,0.0,0,0,revolution in the head,"['revolution', 'head']",2,3878827.jpg
146,0.0,0,6804796.0,0.0,0,0.0,0,1.0,music,0.0,0,0.0,0,0.0,0,0.0,0.0,0,0,all you need to know about the music business,"['need', 'know', 'music', 'business']",4,6804796.jpg
147,0.0,0,252545.0,0.0,0,0.0,0,1.0,music,0.0,0,0.0,0,0.0,0,0.0,0.0,0,0,source readings in music history,"['source', 'reading', 'music', 'history']",4,252545.jpg
148,0.0,0,1644093.0,0.0,0,0.0,0,1.0,music,0.0,0,0.0,0,0.0,0,0.0,0.0,0,0,gone bad,"['gone', 'bad']",2,1644093.jpg
149,0.0,0,426566.0,0.0,0,0.0,0,1.0,music,0.0,0,0.0,0,0.0,0,0.0,0.0,0,0,all you need to know about the music business,"['need', 'know', 'music', 'business']",4,426566.jpg
150,0.0,0,6985945.0,0.0,0,0.0,0,1.0,music,0.0,0,0.0,0,0.0,0,0.0,0.0,0,0,black music,"['black', 'music']",2,6985945.jpg
151,0.0,0,3360204.0,0.0,0,0.0,0,1.0,music,0.0,0,0.0,0,0.0,0,0.0,0.0,0,0,el origen de la tragedia,"['el', 'origen', 'de', 'la', 'tragedia']",5,3360204.jpg
152,0.0,0,1923066.0,0.0,0,0.0,0,1.0,music,0.0,0,0.0,0,0.0,0,0.0,0.0,0,0,ray charles,"['ray', 'charles']",2,1923066.jpg
153,0.0,0,688385.0,0.0,0,0.0,0,1.0,music,0.0,0,0.0,0,0.0,0,0.0,0.0,0,0,the gift of music,"['gift', 'music']",2,688385.jpg
154,0.0,0,246099.0,0.0,0,0.0,0,1.0,music,0.0,0,0.0,0,0.0,0,0.0,0.0,0,0,the physics of musical instruments,"['physic', 'musical', 'instrument']",3,246099.jpg
156,0.0,0,1274668.0,0.0,0,0.0,0,1.0,music,0.0,0,0.0,0,0.0,0,0.0,0.0,0,0,american music,"['american', 'music']",2,1274668.jpg
157,0.0,0,4827933.0,0.0,0,0.0,0,1.0,music,0.0,0,0.0,0,0.0,0,0.0,0.0,0,0,quasi una fantasia,"['quasi', 'una', 'fantasia']",3,4827933.jpg
158,0.0,0,100225.0,0.0,0,0.0,0,1.0,music,0.0,0,0.0,0,0.0,0,0.0,0.0,0,0,happy alchemy,"['happy', 'alchemy']",2,100225.jpg
159,0.0,0,140367.0,0.0,0,0.0,0,1.0,music,0.0,0,0.0,0,0.0,0,0.0,0.0,0,0,the voice of egypt,"['voice', 'egypt']",2,140367.jpg
160,0.0,0,4966514.0,0.0,0,0.0,0,1.0,music,0.0,0,0.0,0,0.0,0,0.0,0.0,0,0,love can build a bridge,"['love', 'build', 'bridge']",3,4966514.jpg
161,0.0,0,297025.0,0.0,0,0.0,0,1.0,music,0.0,0,0.0,0,0.0,0,0.0,0.0,0,0,a change is gonna come,"['change', 'gonna', 'come']",3,297025.jpg
162,0.0,0,446109.0,0.0,0,0.0,0,1.0,music,0.0,0,0.0,0,0.0,0,0.0,0.0,0,0,the development of western music,"['development', 'western', 'music']",3,446109.jpg
163,0.0,0,18250.0,0.0,0,0.0,0,1.0,music,0.0,0,0.0,0,0.0,0,0.0,0.0,0,0,teaching music,"['teaching', 'music']",2,18250.jpg
164,0.0,0,18367.0,0.0,0,0.0,0,1.0,music,0.0,0,0.0,0,0.0,0,0.0,0.0,0,0,black music of two worlds,"['black', 'music', 'two', 'world']",4,18367.jpg
165,0.0,0,6805176.0,0.0,0,0.0,0,1.0,music,0.0,0,0.0,0,0.0,0,0.0,0.0,0,0,the bluesman,['bluesman'],1,6805176.jpg
166,0.0,0,6795219.0,0.0,0,0.0,0,1.0,music,0.0,0,0.0,0,0.0,0,0.0,0.0,0,0,hip hop america,"['hip', 'hop', 'america']",3,6795219.jpg
167,0.0,0,1370012.0,0.0,0,0.0,0,1.0,music,0.0,0,0.0,0,0.0,0,0.0,0.0,0,0,teenage nervous breakdown,"['teenage', 'nervous', 'breakdown']",3,1370012.jpg
168,0.0,0,6282786.0,0.0,0,0.0,0,0.0,0,1.0,mystery and detective stories,0.0,0,0.0,0,0.0,0.0,0,0,poems,['poem'],1,6282786.jpg
169,0.0,0,2338339.0,0.0,0,0.0,0,0.0,0,1.0,mystery and detective stories,0.0,0,0.0,0,0.0,0.0,0,0,dr jekyll and mr hyde,"['dr', 'jekyll', 'mr', 'hyde']",4,2338339.jpg
170,0.0,0,368439.0,0.0,0,0.0,0,0.0,0,1.0,mystery and detective stories,0.0,0,0.0,0,0.0,0.0,0,0,sherlock holmes,"['sherlock', 'holmes']",2,368439.jpg
171,0.0,0,2037170.0,0.0,0,0.0,0,0.0,0,1.0,mystery and detective stories,0.0,0,0.0,0,0.0,0.0,0,0,the adventures of sherlock holmes,"['adventure', 'sherlock', 'holmes']",3,2037170.jpg
172,0.0,0,7217737.0,0.0,0,0.0,0,0.0,0,1.0,mystery and detective stories,0.0,0,0.0,0,0.0,0.0,0,0,the hound of the baskervilles,"['hound', 'baskervilles']",2,7217737.jpg
173,0.0,0,4846525.0,0.0,0,0.0,0,0.0,0,1.0,mystery and detective stories,0.0,0,0.0,0,0.0,0.0,0,0,the case book of sherlock holmes,"['case', 'book', 'sherlock', 'holmes']",4,4846525.jpg
174,0.0,0,482463.0,0.0,0,0.0,0,0.0,0,1.0,mystery and detective stories,0.0,0,0.0,0,0.0,0.0,0,0,the nine tailors,"['nine', 'tailor']",2,482463.jpg
175,0.0,0,836898.0,0.0,0,0.0,0,0.0,0,1.0,mystery and detective stories,0.0,0,0.0,0,0.0,0.0,0,0,the red house mystery,"['red', 'house', 'mystery']",3,836898.jpg
176,0.0,0,756594.0,0.0,0,0.0,0,0.0,0,1.0,mystery and detective stories,0.0,0,0.0,0,0.0,0.0,0,0,tom sawyer detective,"['tom', 'sawyer', 'detective']",3,756594.jpg
177,0.0,0,227339.0,0.0,0,0.0,0,0.0,0,1.0,mystery and detective stories,0.0,0,0.0,0,0.0,0.0,0,0,the rainmaker,['rainmaker'],1,227339.jpg
178,0.0,0,404297.0,0.0,0,0.0,0,0.0,0,1.0,mystery and detective stories,0.0,0,0.0,0,0.0,0.0,0,0,weep no more my lady,"['weep', 'lady']",2,404297.jpg
179,0.0,0,360798.0,0.0,0,0.0,0,0.0,0,1.0,mystery and detective stories,0.0,0,0.0,0,0.0,0.0,0,0,the westing game,"['westing', 'game']",2,360798.jpg
180,0.0,0,4188425.0,0.0,0,0.0,0,0.0,0,1.0,mystery and detective stories,0.0,0,0.0,0,0.0,0.0,0,0,the time of the hunter s moon,"['time', 'hunter', 'moon']",3,4188425.jpg
181,0.0,0,314398.0,0.0,0,0.0,0,0.0,0,1.0,mystery and detective stories,0.0,0,0.0,0,0.0,0.0,0,0,the old man in the corner,"['old', 'man', 'corner']",3,314398.jpg
182,0.0,0,6824416.0,0.0,0,0.0,0,0.0,0,1.0,mystery and detective stories,0.0,0,0.0,0,0.0,0.0,0,0,the clue of the broken locket,"['clue', 'broken', 'locket']",3,6824416.jpg
183,0.0,0,779425.0,0.0,0,0.0,0,0.0,0,1.0,mystery and detective stories,0.0,0,0.0,0,0.0,0.0,0,0,the clue of the broken locket,"['clue', 'broken', 'locket']",3,779425.jpg
185,0.0,0,4965084.0,0.0,0,0.0,0,0.0,0,1.0,mystery and detective stories,0.0,0,0.0,0,0.0,0.0,0,0,five on a secret trail,"['five', 'secret', 'trail']",3,4965084.jpg
186,0.0,0,5285092.0,0.0,0,0.0,0,0.0,0,1.0,mystery and detective stories,0.0,0,0.0,0,0.0,0.0,0,0,the dollhouse murders,"['dollhouse', 'murder']",2,5285092.jpg
187,0.0,0,6787446.0,0.0,0,0.0,0,0.0,0,1.0,mystery and detective stories,0.0,0,0.0,0,0.0,0.0,0,0,on the edge,['edge'],1,6787446.jpg
188,0.0,0,6602122.0,0.0,0,0.0,0,0.0,0,1.0,mystery and detective stories,0.0,0,0.0,0,0.0,0.0,0,0,alvin s secret code,"['alvin', 'secret', 'code']",3,6602122.jpg
189,0.0,0,6629009.0,0.0,0,0.0,0,0.0,0,1.0,mystery and detective stories,0.0,0,0.0,0,0.0,0.0,0,0,i o u,[],0,6629009.jpg
190,0.0,0,7304719.0,0.0,0,0.0,0,0.0,0,1.0,mystery and detective stories,0.0,0,0.0,0,0.0,0.0,0,0,cam jansen and the mystery of the television dog,"['cam', 'jansen', 'mystery', 'television', 'dog']",5,7304719.jpg
191,0.0,0,6631858.0,0.0,0,0.0,0,0.0,0,1.0,mystery and detective stories,0.0,0,0.0,0,0.0,0.0,0,0,scooby doo and the haunted castle,"['scooby', 'doo', 'haunted', 'castle']",4,6631858.jpg
192,0.0,0,401157.0,0.0,0,0.0,0,0.0,0,1.0,mystery and detective stories,0.0,0,0.0,0,0.0,0.0,0,0,cam jansen and the mystery of the babe ruth baseball,"['cam', 'jansen', 'mystery', 'babe', 'ruth', 'baseball']",6,401157.jpg
193,0.0,0,1333702.0,0.0,0,0.0,0,0.0,0,1.0,mystery and detective stories,0.0,0,0.0,0,0.0,0.0,0,0,kidnap at the catfish cafe,"['kidnap', 'catfish', 'cafe']",3,1333702.jpg
194,0.0,0,385586.0,0.0,0,0.0,0,0.0,0,1.0,mystery and detective stories,0.0,0,0.0,0,0.0,0.0,0,0,scooby doo and the mummy s curse,"['scooby', 'doo', 'mummy', 'curse']",4,385586.jpg
195,0.0,0,433804.0,0.0,0,0.0,0,0.0,0,1.0,mystery and detective stories,0.0,0,0.0,0,0.0,0.0,0,0,running out of time,"['running', 'time']",2,433804.jpg
196,0.0,0,428214.0,0.0,0,0.0,0,0.0,0,1.0,mystery and detective stories,0.0,0,0.0,0,0.0,0.0,0,0,misery loves maggody,"['misery', 'love', 'maggody']",3,428214.jpg
197,0.0,0,6794940.0,0.0,0,0.0,0,0.0,0,1.0,mystery and detective stories,0.0,0,0.0,0,0.0,0.0,0,0,the ghost of genny castle,"['ghost', 'genny', 'castle']",3,6794940.jpg
198,0.0,0,1073170.0,0.0,0,0.0,0,0.0,0,1.0,mystery and detective stories,0.0,0,0.0,0,0.0,0.0,0,0,catch of the day,"['catch', 'day']",2,1073170.jpg
199,0.0,0,1073169.0,0.0,0,0.0,0,0.0,0,1.0,mystery and detective stories,0.0,0,0.0,0,0.0,0.0,0,0,hot tempered farmers,"['hot', 'tempered', 'farmer']",3,1073169.jpg
200,0.0,0,2359176.0,0.0,0,0.0,0,0.0,0,1.0,mystery and detective stories,0.0,0,0.0,0,0.0,0.0,0,0,walt disney s minnie mysteries,"['walt', 'disney', 'minnie', 'mystery']",4,2359176.jpg
201,0.0,0,436676.0,0.0,0,0.0,0,0.0,0,1.0,mystery and detective stories,0.0,0,0.0,0,0.0,0.0,0,0,albert s halloween,"['albert', 'halloween']",2,436676.jpg
202,0.0,0,7291147.0,0.0,0,0.0,0,0.0,0,1.0,mystery and detective stories,0.0,0,0.0,0,0.0,0.0,0,0,cam jansen and the mystery of the circus clown,"['cam', 'jansen', 'mystery', 'circus', 'clown']",5,7291147.jpg
203,0.0,0,402166.0,0.0,0,0.0,0,0.0,0,1.0,mystery and detective stories,0.0,0,0.0,0,0.0,0.0,0,0,cam jansen and the catnapping mystery,"['cam', 'jansen', 'catnapping', 'mystery']",4,402166.jpg
204,0.0,0,110367.0,0.0,0,0.0,0,0.0,0,1.0,mystery and detective stories,0.0,0,0.0,0,0.0,0.0,0,0,dead letter herculeah jones mystery ,"['dead', 'letter', 'herculeah', 'jones', 'mystery']",5,110367.jpg
205,0.0,0,3696685.0,0.0,0,0.0,0,0.0,0,1.0,mystery and detective stories,0.0,0,0.0,0,0.0,0.0,0,0,the stolen trophy,"['stolen', 'trophy']",2,3696685.jpg
206,0.0,0,955435.0,0.0,0,0.0,0,0.0,0,1.0,mystery and detective stories,0.0,0,0.0,0,0.0,0.0,0,0,the marvelous inventions of alvin fernald,"['marvelous', 'invention', 'alvin', 'fernald']",4,955435.jpg
207,0.0,0,401672.0,0.0,0,0.0,0,0.0,0,1.0,mystery and detective stories,0.0,0,0.0,0,0.0,0.0,0,0,young cam jansen and the missing cookie,"['young', 'cam', 'jansen', 'missing', 'cookie']",5,401672.jpg
209,0.0,0,1073163.0,0.0,0,0.0,0,0.0,0,1.0,mystery and detective stories,0.0,0,0.0,0,0.0,0.0,0,0,metal heads,"['metal', 'head']",2,1073163.jpg
210,0.0,0,433745.0,0.0,0,0.0,0,0.0,0,1.0,mystery and detective stories,0.0,0,0.0,0,0.0,0.0,0,0,the view from the cherry tree,"['view', 'cherry', 'tree']",3,433745.jpg
211,0.0,0,1075546.0,0.0,0,0.0,0,0.0,0,1.0,mystery and detective stories,0.0,0,0.0,0,0.0,0.0,0,0,truffle trouble,"['truffle', 'trouble']",2,1075546.jpg
212,0.0,0,1117260.0,0.0,0,0.0,0,0.0,0,1.0,mystery and detective stories,0.0,0,0.0,0,0.0,0.0,0,0,cam jansen and the mystery of the gold coins,"['cam', 'jansen', 'mystery', 'gold', 'coin']",5,1117260.jpg
213,0.0,0,590063.0,0.0,0,0.0,0,0.0,0,1.0,mystery and detective stories,0.0,0,0.0,0,0.0,0.0,0,0,the pilgrim village mystery,"['pilgrim', 'village', 'mystery']",3,590063.jpg
214,0.0,0,382633.0,0.0,0,0.0,0,0.0,0,1.0,mystery and detective stories,0.0,0,0.0,0,0.0,0.0,0,0,ghost in the family,"['ghost', 'family']",2,382633.jpg
215,0.0,0,2534271.0,0.0,0,0.0,0,0.0,0,1.0,mystery and detective stories,0.0,0,0.0,0,0.0,0.0,0,0,a fish named yum,"['fish', 'named', 'yum']",3,2534271.jpg
216,0.0,0,3791462.0,0.0,0,0.0,0,0.0,0,1.0,mystery and detective stories,0.0,0,0.0,0,0.0,0.0,0,0,sammy keyes and the skeleton man,"['sammy', 'keyes', 'skeleton', 'man']",4,3791462.jpg
217,0.0,0,3696765.0,0.0,0,0.0,0,0.0,0,1.0,mystery and detective stories,0.0,0,0.0,0,0.0,0.0,0,0,the disappearing dinosaurs,"['disappearing', 'dinosaur']",2,3696765.jpg
218,0.0,0,7887033.0,0.0,0,0.0,0,0.0,0,0.0,0,1.0,religion,0.0,0,0.0,0.0,0,0,meditations,['meditation'],1,7887033.jpg
219,0.0,0,2753579.0,0.0,0,0.0,0,0.0,0,0.0,0,1.0,religion,0.0,0,0.0,0.0,0,0,poems,['poem'],1,2753579.jpg
220,0.0,0,5933400.0,0.0,0,0.0,0,0.0,0,0.0,0,1.0,religion,0.0,0,0.0,0.0,0,0,the golden bough,"['golden', 'bough']",2,5933400.jpg
221,0.0,0,406890.0,0.0,0,0.0,0,0.0,0,0.0,0,1.0,religion,0.0,0,0.0,0.0,0,0,the teachings of don juan,"['teaching', 'juan']",2,406890.jpg
222,0.0,0,308973.0,0.0,0,0.0,0,0.0,0,0.0,0,1.0,religion,0.0,0,0.0,0.0,0,0,egyptian magic,"['egyptian', 'magic']",2,308973.jpg
223,0.0,0,4618469.0,0.0,0,0.0,0,0.0,0,0.0,0,1.0,religion,0.0,0,0.0,0.0,0,0,essays,['essay'],1,4618469.jpg
225,0.0,0,2124030.0,0.0,0,0.0,0,0.0,0,0.0,0,1.0,religion,0.0,0,0.0,0.0,0,0,risale i nur,"['risale', 'nur']",2,2124030.jpg
226,0.0,0,500909.0,0.0,0,0.0,0,0.0,0,0.0,0,1.0,religion,0.0,0,0.0,0.0,0,0,egyptian mythology,"['egyptian', 'mythology']",2,500909.jpg
227,0.0,0,88427.0,0.0,0,0.0,0,0.0,0,0.0,0,1.0,religion,0.0,0,0.0,0.0,0,0,anatomy of the sacred,"['anatomy', 'sacred']",2,88427.jpg
228,0.0,0,174094.0,0.0,0,0.0,0,0.0,0,0.0,0,1.0,religion,0.0,0,0.0,0.0,0,0,surfing the himalayas,"['surfing', 'himalaya']",2,174094.jpg
229,0.0,0,4437453.0,0.0,0,0.0,0,0.0,0,0.0,0,1.0,religion,0.0,0,0.0,0.0,0,0,the second ring of power,"['second', 'ring', 'power']",3,4437453.jpg
230,0.0,0,7144936.0,0.0,0,0.0,0,0.0,0,0.0,0,1.0,religion,0.0,0,0.0,0.0,0,0,from pagan to christian,"['pagan', 'christian']",2,7144936.jpg
231,0.0,0,927682.0,0.0,0,0.0,0,0.0,0,0.0,0,1.0,religion,0.0,0,0.0,0.0,0,0,history of the first council of nice,"['history', 'first', 'council', 'nice']",4,927682.jpg
232,0.0,0,32244.0,0.0,0,0.0,0,0.0,0,0.0,0,1.0,religion,0.0,0,0.0,0.0,0,0,the jew in the lotus,"['jew', 'lotus']",2,32244.jpg
233,0.0,0,693183.0,0.0,0,0.0,0,0.0,0,0.0,0,1.0,religion,0.0,0,0.0,0.0,0,0,the language of letting go,"['language', 'letting', 'go']",3,693183.jpg
234,0.0,0,1346323.0,0.0,0,0.0,0,0.0,0,0.0,0,1.0,religion,0.0,0,0.0,0.0,0,0,a comparative history of ideas,"['comparative', 'history', 'idea']",3,1346323.jpg
235,0.0,0,5476467.0,0.0,0,0.0,0,0.0,0,0.0,0,1.0,religion,0.0,0,0.0,0.0,0,0,the fire from within,"['fire', 'within']",2,5476467.jpg
237,0.0,0,5687676.0,0.0,0,0.0,0,0.0,0,0.0,0,1.0,religion,0.0,0,0.0,0.0,0,0,greek votive offerings,"['greek', 'votive', 'offering']",3,5687676.jpg
238,0.0,0,265188.0,0.0,0,0.0,0,0.0,0,0.0,0,1.0,religion,0.0,0,0.0,0.0,0,0,intimations of christianity among the ancient greeks,"['intimation', 'christianity', 'among', 'ancient', 'greek']",5,265188.jpg
239,0.0,0,4092545.0,0.0,0,0.0,0,0.0,0,0.0,0,1.0,religion,0.0,0,0.0,0.0,0,0,america s religions,"['america', 'religion']",2,4092545.jpg
240,0.0,0,14640.0,0.0,0,0.0,0,0.0,0,0.0,0,1.0,religion,0.0,0,0.0,0.0,0,0,religion in america,"['religion', 'america']",2,14640.jpg
241,0.0,0,4009926.0,0.0,0,0.0,0,0.0,0,0.0,0,1.0,religion,0.0,0,0.0,0.0,0,0,how to live between office visits,"['live', 'office', 'visit']",3,4009926.jpg
244,0.0,0,850061.0,0.0,0,0.0,0,0.0,0,0.0,0,1.0,religion,0.0,0,0.0,0.0,0,0,the way of passion,"['way', 'passion']",2,850061.jpg
245,0.0,0,691322.0,0.0,0,0.0,0,0.0,0,0.0,0,1.0,religion,0.0,0,0.0,0.0,0,0,the celtic book of days,"['celtic', 'book', 'day']",3,691322.jpg
246,0.0,0,92387.0,0.0,0,0.0,0,0.0,0,0.0,0,1.0,religion,0.0,0,0.0,0.0,0,0,awakening,['awakening'],1,92387.jpg
247,0.0,0,4914436.0,0.0,0,0.0,0,0.0,0,0.0,0,1.0,religion,0.0,0,0.0,0.0,0,0,el islam,"['el', 'islam']",2,4914436.jpg
248,0.0,0,818385.0,0.0,0,0.0,0,0.0,0,0.0,0,1.0,religion,0.0,0,0.0,0.0,0,0,black religion and black radicalism,"['black', 'religion', 'black', 'radicalism']",4,818385.jpg
249,0.0,0,602397.0,0.0,0,0.0,0,0.0,0,0.0,0,1.0,religion,0.0,0,0.0,0.0,0,0,greek folk religion,"['greek', 'folk', 'religion']",3,602397.jpg
250,0.0,0,869620.0,0.0,0,0.0,0,0.0,0,0.0,0,0.0,0,1.0,romance,0.0,0.0,0,0,anna karenina,"['anna', 'karenina']",2,869620.jpg
251,0.0,0,6287123.0,0.0,0,0.0,0,0.0,0,0.0,0,0.0,0,1.0,romance,0.0,0.0,0,0,heart of darkness,"['heart', 'darkness']",2,6287123.jpg
252,0.0,0,7109935.0,0.0,0,0.0,0,0.0,0,0.0,0,0.0,0,1.0,romance,0.0,0.0,0,0,sense and sensibility,"['sense', 'sensibility']",2,7109935.jpg
253,0.0,0,2422976.0,0.0,0,0.0,0,0.0,0,0.0,0,0.0,0,1.0,romance,0.0,0.0,0,0,the portrait of a lady,"['portrait', 'lady']",2,2422976.jpg
254,0.0,0,109052.0,0.0,0,0.0,0,0.0,0,0.0,0,0.0,0,1.0,romance,0.0,0.0,0,0,persuasion,['persuasion'],1,109052.jpg
255,0.0,0,1064130.0,0.0,0,0.0,0,0.0,0,0.0,0,0.0,0,1.0,romance,0.0,0.0,0,0,the return of the native,"['return', 'native']",2,1064130.jpg
256,0.0,0,103360.0,0.0,0,0.0,0,0.0,0,0.0,0,0.0,0,1.0,romance,0.0,0.0,0,0,far from the madding crowd,"['far', 'madding', 'crowd']",3,103360.jpg
257,0.0,0,893995.0,0.0,0,0.0,0,0.0,0,0.0,0,0.0,0,1.0,romance,0.0,0.0,0,0,the age of innocence,"['age', 'innocence']",2,893995.jpg
258,0.0,0,230142.0,0.0,0,0.0,0,0.0,0,0.0,0,0.0,0,1.0,romance,0.0,0.0,0,0,women in love,"['woman', 'love']",2,230142.jpg
259,0.0,0,5988543.0,0.0,0,0.0,0,0.0,0,0.0,0,0.0,0,1.0,romance,0.0,0.0,0,0,daisy miller,"['daisy', 'miller']",2,5988543.jpg
260,0.0,0,2804851.0,0.0,0,0.0,0,0.0,0,0.0,0,0.0,0,1.0,romance,0.0,0.0,0,0,washington square,"['washington', 'square']",2,2804851.jpg
261,0.0,0,5734952.0,0.0,0,0.0,0,0.0,0,0.0,0,0.0,0,1.0,romance,0.0,0.0,0,0,the ambassadors,['ambassador'],1,5734952.jpg
262,0.0,0,2898685.0,0.0,0,0.0,0,0.0,0,0.0,0,0.0,0,1.0,romance,0.0,0.0,0,0,the woodlanders,['woodlanders'],1,2898685.jpg
263,0.0,0,295553.0,0.0,0,0.0,0,0.0,0,0.0,0,0.0,0,1.0,romance,0.0,0.0,0,0,this side of paradise,"['side', 'paradise']",2,295553.jpg
264,0.0,0,5641338.0,0.0,0,0.0,0,0.0,0,0.0,0,0.0,0,1.0,romance,0.0,0.0,0,0,under the greenwood tree or the mellstock quire a rural painting of the dutch school,"['greenwood', 'tree', 'mellstock', 'quire', 'rural', 'painting', 'dutch', 'school']",8,5641338.jpg
265,0.0,0,1468589.0,0.0,0,0.0,0,0.0,0,0.0,0,0.0,0,1.0,romance,0.0,0.0,0,0,howards end,"['howard', 'end']",2,1468589.jpg
266,0.0,0,988752.0,0.0,0,0.0,0,0.0,0,0.0,0,0.0,0,1.0,romance,0.0,0.0,0,0,the well beloved,"['well', 'beloved']",2,988752.jpg
267,0.0,0,6454821.0,0.0,0,0.0,0,0.0,0,0.0,0,0.0,0,1.0,romance,0.0,0.0,0,0,framley parsonage,"['framley', 'parsonage']",2,6454821.jpg
268,0.0,0,419052.0,0.0,0,0.0,0,0.0,0,0.0,0,0.0,0,1.0,romance,0.0,0.0,0,0,the wings of the dove,"['wing', 'dove']",2,419052.jpg
269,0.0,0,4009183.0,0.0,0,0.0,0,0.0,0,0.0,0,0.0,0,1.0,romance,0.0,0.0,0,0,the eustace diamonds,"['eustace', 'diamond']",2,4009183.jpg
270,0.0,0,6807968.0,0.0,0,0.0,0,0.0,0,0.0,0,0.0,0,1.0,romance,0.0,0.0,0,0,the return of the native,"['return', 'native']",2,6807968.jpg
271,0.0,0,7274775.0,0.0,0,0.0,0,0.0,0,0.0,0,0.0,0,1.0,romance,0.0,0.0,0,0,the godfather,['godfather'],1,7274775.jpg
272,0.0,0,1983440.0,0.0,0,0.0,0,0.0,0,0.0,0,0.0,0,1.0,romance,0.0,0.0,0,0,mansfield park,"['mansfield', 'park']",2,1983440.jpg
273,0.0,0,5714864.0,0.0,0,0.0,0,0.0,0,0.0,0,0.0,0,1.0,romance,0.0,0.0,0,0,at the foot of the rainbow,"['foot', 'rainbow']",2,5714864.jpg
274,0.0,0,979858.0,0.0,0,0.0,0,0.0,0,0.0,0,0.0,0,1.0,romance,0.0,0.0,0,0,therese raquin,"['therese', 'raquin']",2,979858.jpg
275,0.0,0,14250.0,0.0,0,0.0,0,0.0,0,0.0,0,0.0,0,1.0,romance,0.0,0.0,0,0,the custom of the country,"['custom', 'country']",2,14250.jpg
276,0.0,0,872066.0,0.0,0,0.0,0,0.0,0,0.0,0,0.0,0,1.0,romance,0.0,0.0,0,0,riders of the purple sage,"['rider', 'purple', 'sage']",3,872066.jpg
277,0.0,0,4403121.0,0.0,0,0.0,0,0.0,0,0.0,0,0.0,0,1.0,romance,0.0,0.0,0,0,rachel ray,"['rachel', 'ray']",2,4403121.jpg
278,0.0,0,4277707.0,0.0,0,0.0,0,0.0,0,0.0,0,0.0,0,1.0,romance,0.0,0.0,0,0,light a penny candle,"['light', 'penny', 'candle']",3,4277707.jpg
279,0.0,0,6921849.0,0.0,0,0.0,0,0.0,0,0.0,0,0.0,0,1.0,romance,0.0,0.0,0,0,devil s cub,"['devil', 'cub']",2,6921849.jpg
280,0.0,0,6894124.0,0.0,0,0.0,0,0.0,0,0.0,0,0.0,0,1.0,romance,0.0,0.0,0,0,powder and patch,"['powder', 'patch']",2,6894124.jpg
281,0.0,0,1818657.0,0.0,0,0.0,0,0.0,0,0.0,0,0.0,0,1.0,romance,0.0,0.0,0,0,night over water,"['night', 'water']",2,1818657.jpg
282,0.0,0,7002767.0,0.0,0,0.0,0,0.0,0,0.0,0,0.0,0,1.0,romance,0.0,0.0,0,0,the toll gate,"['toll', 'gate']",2,7002767.jpg
283,0.0,0,76602.0,0.0,0,0.0,0,0.0,0,0.0,0,0.0,0,1.0,romance,0.0,0.0,0,0,echoes,['echo'],1,76602.jpg
284,0.0,0,7002404.0,0.0,0,0.0,0,0.0,0,0.0,0,0.0,0,1.0,romance,0.0,0.0,0,0,the quiet gentleman,"['quiet', 'gentleman']",2,7002404.jpg
285,0.0,0,6924187.0,0.0,0,0.0,0,0.0,0,0.0,0,0.0,0,1.0,romance,0.0,0.0,0,0,royal escape,"['royal', 'escape']",2,6924187.jpg
286,0.0,0,7002066.0,0.0,0,0.0,0,0.0,0,0.0,0,0.0,0,1.0,romance,0.0,0.0,0,0,the reluctant widow,"['reluctant', 'widow']",2,7002066.jpg
287,0.0,0,318845.0,0.0,0,0.0,0,0.0,0,0.0,0,0.0,0,1.0,romance,0.0,0.0,0,0,hidden riches,"['hidden', 'rich']",2,318845.jpg
288,0.0,0,6921929.0,0.0,0,0.0,0,0.0,0,0.0,0,0.0,0,1.0,romance,0.0,0.0,0,0,the convenient marriage,"['convenient', 'marriage']",2,6921929.jpg
289,0.0,0,6923107.0,0.0,0,0.0,0,0.0,0,0.0,0,0.0,0,1.0,romance,0.0,0.0,0,0,an infamous army,"['infamous', 'army']",2,6923107.jpg
290,0.0,0,535122.0,0.0,0,0.0,0,0.0,0,0.0,0,0.0,0,1.0,romance,0.0,0.0,0,0,the god of small things,"['god', 'small', 'thing']",3,535122.jpg
291,0.0,0,6630361.0,0.0,0,0.0,0,0.0,0,0.0,0,0.0,0,1.0,romance,0.0,0.0,0,0,no greater love,"['greater', 'love']",2,6630361.jpg
292,0.0,0,6642170.0,0.0,0,0.0,0,0.0,0,0.0,0,0.0,0,1.0,romance,0.0,0.0,0,0,peachtree road,"['peachtree', 'road']",2,6642170.jpg
293,0.0,0,237818.0,0.0,0,0.0,0,0.0,0,0.0,0,0.0,0,1.0,romance,0.0,0.0,0,0,come love a stranger,"['come', 'love', 'stranger']",3,237818.jpg
294,0.0,0,3934067.0,0.0,0,0.0,0,0.0,0,0.0,0,0.0,0,1.0,romance,0.0,0.0,0,0,grievous sin,"['grievous', 'sin']",2,3934067.jpg
295,0.0,0,2815511.0,0.0,0,0.0,0,0.0,0,0.0,0,0.0,0,1.0,romance,0.0,0.0,0,0,forget me not,['forget'],1,2815511.jpg
296,0.0,0,6623388.0,0.0,0,0.0,0,0.0,0,0.0,0,0.0,0,1.0,romance,0.0,0.0,0,0,forever in your embrace,"['forever', 'embrace']",2,6623388.jpg
297,0.0,0,7877366.0,0.0,0,0.0,0,0.0,0,0.0,0,0.0,0,0.0,0,1.0,1.0,science fiction,science,brave new world,"['brave', 'new', 'world']",3,7877366.jpg
299,0.0,0,308949.0,0.0,0,0.0,0,0.0,0,0.0,0,0.0,0,0.0,0,1.0,0.0,0,science,literary works of leonardo da vinci,"['literary', 'work', 'leonardo', 'da', 'vinci']",5,308949.jpg
300,0.0,0,5892088.0,0.0,0,0.0,0,0.0,0,0.0,0,0.0,0,0.0,0,1.0,0.0,0,science,the variation of animals and plants under domestication,"['variation', 'animal', 'plant', 'domestication']",4,5892088.jpg
301,0.0,0,5378174.0,0.0,0,0.0,0,0.0,0,0.0,0,0.0,0,0.0,0,1.0,0.0,0,science,mein weltbild,"['mein', 'weltbild']",2,5378174.jpg
302,0.0,0,570731.0,0.0,0,0.0,0,0.0,0,0.0,0,0.0,0,0.0,0,1.0,0.0,0,science,longitude,['longitude'],1,570731.jpg
303,0.0,0,798059.0,0.0,0,0.0,0,0.0,0,0.0,0,0.0,0,0.0,0,1.0,1.0,science fiction,science,captain s glory,"['captain', 'glory']",2,798059.jpg
304,0.0,0,4892166.0,0.0,0,0.0,0,0.0,0,0.0,0,0.0,0,0.0,0,1.0,0.0,0,science,regulae ad directionem ingenii,"['regulae', 'ad', 'directionem', 'ingenii']",4,4892166.jpg
305,0.0,0,303889.0,0.0,0,0.0,0,0.0,0,0.0,0,0.0,0,0.0,0,1.0,0.0,0,science,the sciences,['science'],1,303889.jpg
306,0.0,0,1099656.0,0.0,0,0.0,0,0.0,0,0.0,0,0.0,0,0.0,0,1.0,0.0,0,science,psychology of learning and motivation,"['psychology', 'learning', 'motivation']",3,1099656.jpg
307,0.0,0,1173785.0,0.0,0,0.0,0,0.0,0,0.0,0,0.0,0,0.0,0,1.0,0.0,0,science,how to write and publish a scientific paper,"['write', 'publish', 'scientific', 'paper']",4,1173785.jpg
308,0.0,0,1242604.0,0.0,0,0.0,0,0.0,0,0.0,0,0.0,0,0.0,0,1.0,0.0,0,science,the sciences,['science'],1,1242604.jpg
309,0.0,0,6872278.0,0.0,0,0.0,0,0.0,0,0.0,0,0.0,0,0.0,0,1.0,0.0,0,science,active physics,"['active', 'physic']",2,6872278.jpg
310,0.0,0,3742927.0,0.0,0,0.0,0,0.0,0,0.0,0,0.0,0,0.0,0,1.0,1.0,science fiction,science,reach for tomorrow,"['reach', 'tomorrow']",2,3742927.jpg
311,0.0,0,6724433.0,0.0,0,0.0,0,0.0,0,0.0,0,0.0,0,0.0,0,1.0,0.0,0,science,active physics,"['active', 'physic']",2,6724433.jpg
312,0.0,0,5534541.0,0.0,0,0.0,0,0.0,0,0.0,0,0.0,0,0.0,0,1.0,0.0,0,science,personal knowledge,"['personal', 'knowledge']",2,5534541.jpg
313,0.0,0,134596.0,0.0,0,0.0,0,0.0,0,0.0,0,0.0,0,0.0,0,1.0,0.0,0,science,the meaning of it all,['meaning'],1,134596.jpg
314,0.0,0,3364704.0,0.0,0,0.0,0,0.0,0,0.0,0,0.0,0,0.0,0,1.0,0.0,0,science,the magic school bus at the waterworks,"['magic', 'school', 'bus', 'waterworks']",4,3364704.jpg
315,0.0,0,1204802.0,0.0,0,0.0,0,0.0,0,0.0,0,0.0,0,0.0,0,1.0,0.0,0,science,an atlas of world affairs,"['atlas', 'world', 'affair']",3,1204802.jpg
316,0.0,0,1094371.0,0.0,0,0.0,0,0.0,0,0.0,0,0.0,0,0.0,0,1.0,0.0,0,science,advances in clinical chemistry,"['advance', 'clinical', 'chemistry']",3,1094371.jpg
317,0.0,0,1211052.0,0.0,0,0.0,0,0.0,0,0.0,0,0.0,0,0.0,0,1.0,0.0,0,science,understanding jct standard building contracts,"['understanding', 'jct', 'standard', 'building', 'contract']",5,1211052.jpg
318,0.0,0,4383816.0,0.0,0,0.0,0,0.0,0,0.0,0,0.0,0,0.0,0,1.0,0.0,0,science,science in elementary education,"['science', 'elementary', 'education']",3,4383816.jpg
319,0.0,0,574595.0,0.0,0,0.0,0,0.0,0,0.0,0,0.0,0,0.0,0,1.0,0.0,0,science,chance love and logic,"['chance', 'love', 'logic']",3,574595.jpg
320,0.0,0,394317.0,0.0,0,0.0,0,0.0,0,0.0,0,0.0,0,0.0,0,1.0,0.0,0,science,science stories,"['science', 'story']",2,394317.jpg
321,0.0,0,2135552.0,0.0,0,0.0,0,0.0,0,0.0,0,0.0,0,0.0,0,1.0,0.0,0,science,meditations metaphysiques,"['meditation', 'metaphysiques']",2,2135552.jpg
322,0.0,0,1163784.0,0.0,0,0.0,0,0.0,0,0.0,0,0.0,0,0.0,0,1.0,0.0,0,science,beer,['beer'],1,1163784.jpg
323,0.0,0,1658658.0,0.0,0,0.0,0,0.0,0,0.0,0,0.0,0,0.0,0,1.0,0.0,0,science,condo vacations,"['condo', 'vacation']",2,1658658.jpg
324,0.0,0,169031.0,0.0,0,0.0,0,0.0,0,0.0,0,0.0,0,0.0,0,1.0,0.0,0,science,nobel prize women in science,"['nobel', 'prize', 'woman', 'science']",4,169031.jpg
325,0.0,0,3735520.0,0.0,0,0.0,0,0.0,0,0.0,0,0.0,0,0.0,0,1.0,0.0,0,science,the possibility of naturalism,"['possibility', 'naturalism']",2,3735520.jpg
326,0.0,0,417481.0,0.0,0,0.0,0,0.0,0,0.0,0,0.0,0,0.0,0,1.0,0.0,0,science,billions and billions,"['billion', 'billion']",2,417481.jpg
327,0.0,0,1691150.0,0.0,0,0.0,0,0.0,0,0.0,0,0.0,0,0.0,0,1.0,0.0,0,science,how to solve problems,"['solve', 'problem']",2,1691150.jpg
328,0.0,0,2469560.0,0.0,0,0.0,0,0.0,0,0.0,0,0.0,0,0.0,0,1.0,0.0,0,science,an introduction to genetic engineering,"['introduction', 'genetic', 'engineering']",3,2469560.jpg
329,0.0,0,303745.0,0.0,0,0.0,0,0.0,0,0.0,0,0.0,0,0.0,0,1.0,0.0,0,science,on giants shoulders,"['giant', 'shoulder']",2,303745.jpg
330,0.0,0,5410642.0,0.0,0,0.0,0,0.0,0,0.0,0,0.0,0,0.0,0,1.0,0.0,0,science,english men of science,"['english', 'men', 'science']",3,5410642.jpg
331,0.0,0,1400299.0,0.0,0,0.0,0,0.0,0,0.0,0,0.0,0,0.0,0,1.0,0.0,0,science,principles of horticulture,"['principle', 'horticulture']",2,1400299.jpg
332,0.0,0,257347.0,0.0,0,0.0,0,0.0,0,0.0,0,0.0,0,0.0,0,1.0,0.0,0,science,unweaving the rainbow,"['unweaving', 'rainbow']",2,257347.jpg
333,0.0,0,385492.0,0.0,0,0.0,0,0.0,0,0.0,0,0.0,0,0.0,0,1.0,0.0,0,science,science is ,['science'],1,385492.jpg
334,0.0,0,6802796.0,0.0,0,0.0,0,0.0,0,0.0,0,0.0,0,0.0,0,1.0,0.0,0,science,professor puffendorf s secret potions,"['professor', 'puffendorf', 'secret', 'potion']",4,6802796.jpg
335,0.0,0,1112594.0,0.0,0,0.0,0,0.0,0,0.0,0,0.0,0,0.0,0,1.0,0.0,0,science,principles of glacier mechanics,"['principle', 'glacier', 'mechanic']",3,1112594.jpg
336,0.0,0,5102897.0,0.0,0,0.0,0,0.0,0,0.0,0,0.0,0,0.0,0,1.0,0.0,0,science,the world wide web for scientists  engineers,"['world', 'wide', 'web', 'scientist', 'engineer']",5,5102897.jpg
337,0.0,0,1893213.0,0.0,0,0.0,0,0.0,0,0.0,0,0.0,0,0.0,0,0.0,1.0,science fiction,0,twenty thousand leagues under the sea,"['twenty', 'thousand', 'league', 'sea']",4,1893213.jpg
338,0.0,0,368524.0,0.0,0,0.0,0,0.0,0,0.0,0,0.0,0,0.0,0,0.0,1.0,science fiction,0,the time machine,"['time', 'machine']",2,368524.jpg
339,0.0,0,7885473.0,0.0,0,0.0,0,0.0,0,0.0,0,0.0,0,0.0,0,0.0,1.0,science fiction,0,the war of the worlds,"['war', 'world']",2,7885473.jpg
340,0.0,0,295454.0,0.0,0,0.0,0,0.0,0,0.0,0,0.0,0,0.0,0,0.0,1.0,science fiction,0,journey to the center of the earth,"['journey', 'center', 'earth']",3,295454.jpg
341,0.0,0,295740.0,0.0,0,0.0,0,0.0,0,0.0,0,0.0,0,0.0,0,0.0,1.0,science fiction,0,the invisible man,"['invisible', 'man']",2,295740.jpg
342,0.0,0,1972754.0,0.0,0,0.0,0,0.0,0,0.0,0,0.0,0,0.0,0,0.0,1.0,science fiction,0,flatland,['flatland'],1,1972754.jpg
343,0.0,0,297747.0,0.0,0,0.0,0,0.0,0,0.0,0,0.0,0,0.0,0,0.0,1.0,science fiction,0,island of doctor moreau,"['island', 'doctor', 'moreau']",3,297747.jpg
344,0.0,0,4290393.0,0.0,0,0.0,0,0.0,0,0.0,0,0.0,0,0.0,0,0.0,1.0,science fiction,0,a clockwork orange,"['clockwork', 'orange']",2,4290393.jpg
345,0.0,0,7890581.0,0.0,0,0.0,0,0.0,0,0.0,0,0.0,0,0.0,0,0.0,1.0,science fiction,0,the hitchhiker s guide to the galaxy,"['hitchhiker', 'guide', 'galaxy']",3,7890581.jpg
346,0.0,0,6542663.0,0.0,0,0.0,0,0.0,0,0.0,0,0.0,0,0.0,0,0.0,1.0,science fiction,0,the mysterious island,"['mysterious', 'island']",2,6542663.jpg
347,0.0,0,28100.0,0.0,0,0.0,0,0.0,0,0.0,0,0.0,0,0.0,0,0.0,1.0,science fiction,0,charlie and the great glass elevator,"['charlie', 'great', 'glass', 'elevator']",4,28100.jpg
348,0.0,0,1930755.0,0.0,0,0.0,0,0.0,0,0.0,0,0.0,0,0.0,0,0.0,1.0,science fiction,0,the chessmen of mars,"['chessman', 'mar']",2,1930755.jpg
349,0.0,0,606066.0,0.0,0,0.0,0,0.0,0,0.0,0,0.0,0,0.0,0,0.0,1.0,science fiction,0,the first men in the moon,"['first', 'men', 'moon']",3,606066.jpg
350,0.0,0,2928749.0,0.0,0,0.0,0,0.0,0,0.0,0,0.0,0,0.0,0,0.0,1.0,science fiction,0,thuvia maid of mars,"['thuvia', 'maid', 'mar']",3,2928749.jpg
351,0.0,0,77726.0,0.0,0,0.0,0,0.0,0,0.0,0,0.0,0,0.0,0,0.0,1.0,science fiction,0,the lost world,"['lost', 'world']",2,77726.jpg
352,0.0,0,6656642.0,0.0,0,0.0,0,0.0,0,0.0,0,0.0,0,0.0,0,0.0,1.0,science fiction,0,sphere,['sphere'],1,6656642.jpg
353,0.0,0,1930735.0,0.0,0,0.0,0,0.0,0,0.0,0,0.0,0,0.0,0,0.0,1.0,science fiction,0,the gods of mars,"['god', 'mar']",2,1930735.jpg
354,0.0,0,6453241.0,0.0,0,0.0,0,0.0,0,0.0,0,0.0,0,0.0,0,0.0,1.0,science fiction,0,out of the silent planet,"['silent', 'planet']",2,6453241.jpg
355,0.0,0,7285359.0,0.0,0,0.0,0,0.0,0,0.0,0,0.0,0,0.0,0,0.0,1.0,science fiction,0,a wrinkle in time,"['wrinkle', 'time']",2,7285359.jpg
356,0.0,0,207093.0,0.0,0,0.0,0,0.0,0,0.0,0,0.0,0,0.0,0,0.0,1.0,science fiction,0,star wars  splinter of the mind s eye,"['star', 'war', 'splinter', 'mind', 'eye']",5,207093.jpg
357,0.0,0,210200.0,0.0,0,0.0,0,0.0,0,0.0,0,0.0,0,0.0,0,0.0,1.0,science fiction,0,childhood s end,"['childhood', 'end']",2,210200.jpg
358,0.0,0,535027.0,0.0,0,0.0,0,0.0,0,0.0,0,0.0,0,0.0,0,0.0,1.0,science fiction,0,the day of the triffids,"['day', 'triffids']",2,535027.jpg
359,0.0,0,5783892.0,0.0,0,0.0,0,0.0,0,0.0,0,0.0,0,0.0,0,0.0,1.0,science fiction,0,in the days of the comet,"['day', 'comet']",2,5783892.jpg
360,0.0,0,1364468.0,0.0,0,0.0,0,0.0,0,0.0,0,0.0,0,0.0,0,0.0,1.0,science fiction,0,the sirens of titan,"['siren', 'titan']",2,1364468.jpg
361,0.0,0,280185.0,0.0,0,0.0,0,0.0,0,0.0,0,0.0,0,0.0,0,0.0,1.0,science fiction,0,cat s cradle,"['cat', 'cradle']",2,280185.jpg
362,0.0,0,175677.0,0.0,0,0.0,0,0.0,0,0.0,0,0.0,0,0.0,0,0.0,1.0,science fiction,0,the year s best science fiction,"['year', 'best', 'science', 'fiction']",4,175677.jpg
363,0.0,0,6633167.0,0.0,0,0.0,0,0.0,0,0.0,0,0.0,0,0.0,0,0.0,1.0,science fiction,0,starship troopers,"['starship', 'trooper']",2,6633167.jpg
364,0.0,0,1993514.0,0.0,0,0.0,0,0.0,0,0.0,0,0.0,0,0.0,0,0.0,1.0,science fiction,0,the lost continent,"['lost', 'continent']",2,1993514.jpg
365,0.0,0,207207.0,0.0,0,0.0,0,0.0,0,0.0,0,0.0,0,0.0,0,0.0,1.0,science fiction,0,the puppet masters,"['puppet', 'master']",2,207207.jpg
366,0.0,0,813555.0,0.0,0,0.0,0,0.0,0,0.0,0,0.0,0,0.0,0,0.0,1.0,science fiction,0,neon genesis evangelion,"['neon', 'genesis', 'evangelion']",3,813555.jpg
367,0.0,0,4392857.0,0.0,0,0.0,0,0.0,0,0.0,0,0.0,0,0.0,0,0.0,1.0,science fiction,0,islands in the sky,"['island', 'sky']",2,4392857.jpg
368,0.0,0,801527.0,0.0,0,0.0,0,0.0,0,0.0,0,0.0,0,0.0,0,0.0,1.0,science fiction,0,time must have a stop,"['time', 'must', 'stop']",3,801527.jpg
369,0.0,0,210775.0,0.0,0,0.0,0,0.0,0,0.0,0,0.0,0,0.0,0,0.0,1.0,science fiction,0,star wars,"['star', 'war']",2,210775.jpg
370,0.0,0,175083.0,0.0,0,0.0,0,0.0,0,0.0,0,0.0,0,0.0,0,0.0,1.0,science fiction,0,the year s best science fiction,"['year', 'best', 'science', 'fiction']",4,175083.jpg
371,0.0,0,6613437.0,0.0,0,0.0,0,0.0,0,0.0,0,0.0,0,0.0,0,0.0,1.0,science fiction,0,star trek,"['star', 'trek']",2,6613437.jpg
372,0.0,0,26458.0,0.0,0,0.0,0,0.0,0,0.0,0,0.0,0,0.0,0,0.0,1.0,science fiction,0,the lathe of heaven,"['lathe', 'heaven']",2,26458.jpg
373,0.0,0,182911.0,0.0,0,0.0,0,0.0,0,0.0,0,0.0,0,0.0,0,0.0,1.0,science fiction,0,where late the sweet birds sang,"['late', 'sweet', 'bird', 'sang']",4,182911.jpg
